[
  {
    "id": "98c45fc9-0669-42a1-af08-511c5514fd0f",
    "data": [
      {
        "text": "headache",
        "alias": "Headache",
        "meta": "@Headache",
        "userDefined": false
      },
      {
        "text": "!!!!",
        "userDefined": false
      }
    ],
    "isTemplate": false,
    "count": 0
  },
  {
    "id": "f13a9ac3-41e0-417f-aaac-7b4a8429a07d",
    "data": [
      {
        "text": "headache",
        "alias": "Headache",
        "meta": "@Headache",
        "userDefined": false
      }
    ],
    "isTemplate": false,
    "count": 0
  },
  {
    "id": "2a0819e9-7d0f-4093-acfb-dfc202f6ed6d",
    "data": [
      {
        "text": "i have ",
        "userDefined": false
      },
      {
        "text": "head ache",
        "alias": "Headache",
        "meta": "@Headache",
        "userDefined": false
      }
    ],
    "isTemplate": false,
    "count": 0
  },
  {
    "id": "51496332-c1b6-44c2-9fd3-c85543016158",
    "data": [
      {
        "text": "I have  ",
        "userDefined": false
      },
      {
        "text": "headache",
        "alias": "Headache",
        "meta": "@Headache",
        "userDefined": false
      }
    ],
    "isTemplate": false,
    "count": 0
  },
  {
    "id": "53f1af16-38ba-40ef-b24c-a8fef939212f",
    "data": [
      {
        "text": "I have ",
        "userDefined": false
      },
      {
        "text": "pain in my head",
        "alias": "Headache",
        "meta": "@Headache",
        "userDefined": false
      }
    ],
    "isTemplate": false,
    "count": 0
  },
  {
    "id": "cb8574e4-e1e8-4f20-b30d-b708436ee08d",
    "data": [
      {
        "text": "I have ",
        "userDefined": false
      },
      {
        "text": "Headache",
        "alias": "Headache",
        "meta": "@Headache",
        "userDefined": false
      }
    ],
    "isTemplate": false,
    "count": 1
  },
  {
    "id": "7bbb2b5b-26dd-4edd-afa6-79d82b0ebc6b",
    "data": [
      {
        "text": "My ",
        "userDefined": false
      },
      {
        "text": "head hurts",
        "alias": "Headache",
        "meta": "@Headache",
        "userDefined": false
      }
    ],
    "isTemplate": false,
    "count": 0
  }
]