[
  {
    "id": "8f678cd1-c5c5-4410-b58b-f792b924c8e5",
    "data": [
      {
        "text": "I have ",
        "userDefined": false
      },
      {
        "text": "running",
        "alias": "Nosetypes",
        "meta": "@Nosetypes",
        "userDefined": true
      },
      {
        "text": " nose",
        "userDefined": false
      }
    ],
    "isTemplate": false,
    "count": 2
  },
  {
    "id": "d7709625-4b18-4a35-9230-2f79df2cb100",
    "data": [
      {
        "text": "I\u0027m having ",
        "userDefined": false
      },
      {
        "text": "running",
        "alias": "Nosetypes",
        "meta": "@Nosetypes",
        "userDefined": true
      },
      {
        "text": " nose",
        "userDefined": false
      }
    ],
    "isTemplate": false,
    "count": 0
  },
  {
    "id": "636af65e-00a7-42a0-9f25-409ec524a5a5",
    "data": [
      {
        "text": "i am suffering from ",
        "userDefined": false
      },
      {
        "text": "thick",
        "alias": "Nosetypes",
        "meta": "@Nosetypes",
        "userDefined": true
      },
      {
        "text": " nose",
        "userDefined": false
      }
    ],
    "isTemplate": false,
    "count": 0,
    "updated": 1513484567
  },
  {
    "id": "02780900-1c5d-46a4-8255-424fc518717f",
    "data": [
      {
        "text": "i am continuously ",
        "userDefined": false
      },
      {
        "text": "sneezing",
        "alias": "Nosetypes",
        "meta": "@Nosetypes",
        "userDefined": true
      }
    ],
    "isTemplate": false,
    "count": 0,
    "updated": 1513484567
  },
  {
    "id": "828bc329-a3c7-43f6-862e-2c204f33f089",
    "data": [
      {
        "text": "i am suffering from ",
        "userDefined": false
      },
      {
        "text": "running",
        "alias": "Nosetypes",
        "meta": "@Nosetypes",
        "userDefined": true
      },
      {
        "text": " nose",
        "userDefined": false
      }
    ],
    "isTemplate": false,
    "count": 0,
    "updated": 1513484567
  },
  {
    "id": "7957edcd-26cd-4995-a25a-0fcde1585700",
    "data": [
      {
        "text": "I am having ",
        "userDefined": false
      },
      {
        "text": "running",
        "alias": "Nosetypes",
        "meta": "@Nosetypes",
        "userDefined": true
      },
      {
        "text": " nose",
        "userDefined": false
      }
    ],
    "isTemplate": false,
    "count": 0,
    "updated": 1513484567
  }
]