[
  {
    "id": "79faea9f-521a-42fd-83e2-9fdc425f17b1",
    "data": [
      {
        "text": "maybe",
        "alias": "Dia_yes_vomit",
        "meta": "@Dia_yes_vomit",
        "userDefined": false
      }
    ],
    "isTemplate": false,
    "count": 0
  },
  {
    "id": "12672f61-21e7-407e-a23f-fa4aa15dfbc1",
    "data": [
      {
        "text": "often",
        "alias": "Dia_yes_vomit",
        "meta": "@Dia_yes_vomit",
        "userDefined": false
      }
    ],
    "isTemplate": false,
    "count": 0
  },
  {
    "id": "ddb6c5ec-0a18-487a-97ea-07e42e0fe5ed",
    "data": [
      {
        "text": "yes i did",
        "alias": "Dia_yes_vomit",
        "meta": "@Dia_yes_vomit",
        "userDefined": false
      }
    ],
    "isTemplate": false,
    "count": 0
  },
  {
    "id": "7c0a3159-9c58-4501-a3f6-d8f3a278f54c",
    "data": [
      {
        "text": "yeah",
        "alias": "Dia_yes_vomit",
        "meta": "@Dia_yes_vomit",
        "userDefined": false
      }
    ],
    "isTemplate": false,
    "count": 0
  },
  {
    "id": "025aab45-1a91-49ed-a0ab-2d013f60ea19",
    "data": [
      {
        "text": "yes",
        "alias": "Dia_yes_vomit",
        "meta": "@Dia_yes_vomit",
        "userDefined": false
      }
    ],
    "isTemplate": false,
    "count": 0
  },
  {
    "id": "09b0b74a-50f5-433a-add9-0d88ae5fb10b",
    "data": [
      {
        "text": "mm",
        "alias": "Dia_yes_vomit",
        "meta": "@Dia_yes_vomit",
        "userDefined": false
      }
    ],
    "isTemplate": false,
    "count": 0,
    "updated": 1513493766
  }
]