[
  {
    "id": "4106f5a8-1e8e-4f0c-b693-0f269e60fc1e",
    "data": [
      {
        "text": "i am having regular ",
        "userDefined": false
      },
      {
        "text": "bowel movements",
        "alias": "Dia_Bowel",
        "meta": "@Dia_Bowel",
        "userDefined": true
      }
    ],
    "isTemplate": false,
    "count": 0
  },
  {
    "id": "1092d94b-be69-43d2-90ad-f393c70ad78a",
    "data": [
      {
        "text": "i am ",
        "userDefined": false
      },
      {
        "text": "having bowel movements",
        "alias": "Dia_Bowel",
        "meta": "@Dia_Bowel",
        "userDefined": true
      }
    ],
    "isTemplate": false,
    "count": 0
  },
  {
    "id": "74b1767a-7bdf-4dbe-adef-f102248b39cb",
    "data": [
      {
        "text": "i  ",
        "userDefined": false
      },
      {
        "text": "suffering from bowel movements",
        "alias": "Dia_Bowel",
        "meta": "@Dia_Bowel",
        "userDefined": false
      }
    ],
    "isTemplate": false,
    "count": 1
  }
]