[
  {
    "id": "338a2368-16ef-4d87-995c-e9dbd357effb",
    "data": [
      {
        "text": "not much",
        "alias": "Dia_yes_stomach",
        "meta": "@Dia_yes_stomach",
        "userDefined": false
      }
    ],
    "isTemplate": false,
    "count": 0,
    "updated": 1513496223
  },
  {
    "id": "714739f9-35c7-465e-b8c7-2ac102d9eb25",
    "data": [
      {
        "text": "maybe",
        "alias": "Dia_yes_stomach",
        "meta": "@Dia_yes_stomach",
        "userDefined": false
      }
    ],
    "isTemplate": false,
    "count": 0,
    "updated": 1513496223
  },
  {
    "id": "e35c97c2-f58a-4d6b-956a-e8cb6084fd64",
    "data": [
      {
        "text": "yes",
        "alias": "Dia_yes_stomach",
        "meta": "@Dia_yes_stomach",
        "userDefined": false
      },
      {
        "text": " but ",
        "userDefined": false
      },
      {
        "text": "often",
        "alias": "Dia_yes_stomach",
        "meta": "@Dia_yes_stomach",
        "userDefined": false
      }
    ],
    "isTemplate": false,
    "count": 0,
    "updated": 1513496223
  },
  {
    "id": "99f8f281-4fc2-424a-abd5-3b7aa42cc3d8",
    "data": [
      {
        "text": "i am ",
        "userDefined": false
      },
      {
        "text": "having",
        "alias": "Dia_yes_stomach",
        "meta": "@Dia_yes_stomach",
        "userDefined": true
      }
    ],
    "isTemplate": false,
    "count": 0,
    "updated": 1513496223
  },
  {
    "id": "1f792e45-ddfb-42ae-81b9-3751e0411c75",
    "data": [
      {
        "text": "yeah",
        "alias": "Dia_yes_stomach",
        "meta": "@Dia_yes_stomach",
        "userDefined": false
      }
    ],
    "isTemplate": false,
    "count": 0,
    "updated": 1513496223
  },
  {
    "id": "f4aa69e1-442b-4cc1-bc3b-1a9ea2d68eed",
    "data": [
      {
        "text": "yes",
        "alias": "Dia_yes_stomach",
        "meta": "@Dia_yes_stomach",
        "userDefined": false
      }
    ],
    "isTemplate": false,
    "count": 0,
    "updated": 1513496223
  }
]