[
  {
    "id": "332326e8-d2c3-41d1-b4c2-83119870116a",
    "data": [
      {
        "text": "often",
        "alias": "Dia_yes_bowl",
        "meta": "@Dia_yes_bowl",
        "userDefined": false
      }
    ],
    "isTemplate": false,
    "count": 1
  },
  {
    "id": "6772c730-0fbe-49ab-acef-6bb6bc9bc09a",
    "data": [
      {
        "text": "maybe",
        "alias": "Dia_yes_bowl",
        "meta": "@Dia_yes_bowl",
        "userDefined": false
      }
    ],
    "isTemplate": false,
    "count": 0
  },
  {
    "id": "f9afcb16-65d8-42ba-8f1e-9960cd5f8b8f",
    "data": [
      {
        "text": "yea exactly",
        "alias": "Dia_yes_bowl",
        "meta": "@Dia_yes_bowl",
        "userDefined": false
      }
    ],
    "isTemplate": false,
    "count": 0
  },
  {
    "id": "a80404fe-3938-4c26-b575-9ed755650471",
    "data": [
      {
        "text": "yea",
        "userDefined": false
      }
    ],
    "isTemplate": false,
    "count": 0
  },
  {
    "id": "3e38a6cf-12ed-48d2-a338-64c805214b97",
    "data": [
      {
        "text": "yes",
        "alias": "Dia_yes_bowl",
        "meta": "@Dia_yes_bowl",
        "userDefined": false
      },
      {
        "text": ", i have",
        "userDefined": false
      }
    ],
    "isTemplate": false,
    "count": 0
  },
  {
    "id": "7a1c474d-765b-41e6-a387-c3f7a8621f0f",
    "data": [
      {
        "text": "yeah",
        "alias": "Dia_yes_bowl",
        "meta": "@Dia_yes_bowl",
        "userDefined": false
      }
    ],
    "isTemplate": false,
    "count": 0
  },
  {
    "id": "b3296277-9177-44d7-985f-320cdcadf5b5",
    "data": [
      {
        "text": "yes",
        "alias": "Dia_yes_bowl",
        "meta": "@Dia_yes_bowl",
        "userDefined": false
      }
    ],
    "isTemplate": false,
    "count": 0
  }
]