[
  {
    "id": "dd752148-e9c0-417b-86fd-b2c791249d1c",
    "data": [
      {
        "text": "yes",
        "alias": "Dia_yes_watery",
        "meta": "@Dia_yes_watery",
        "userDefined": false
      },
      {
        "text": " i ",
        "userDefined": false
      },
      {
        "text": "feel",
        "meta": "@sys.ignore",
        "userDefined": false
      },
      {
        "text": " the same",
        "userDefined": false
      }
    ],
    "isTemplate": false,
    "count": 0
  },
  {
    "id": "5204613c-4a68-4218-834d-a4720063f0e6",
    "data": [
      {
        "text": "i ",
        "userDefined": false
      },
      {
        "text": "feel",
        "meta": "@sys.ignore",
        "userDefined": false
      },
      {
        "text": " ",
        "userDefined": false
      },
      {
        "text": "often",
        "alias": "Dia_yes_watery",
        "meta": "@Dia_yes_watery",
        "userDefined": false
      }
    ],
    "isTemplate": false,
    "count": 0
  },
  {
    "id": "f482ad7f-e5da-4b88-81cf-858cd7280f9d",
    "data": [
      {
        "text": "often",
        "alias": "Dia_yes_watery",
        "meta": "@Dia_yes_watery",
        "userDefined": false
      }
    ],
    "isTemplate": false,
    "count": 0
  },
  {
    "id": "c542c245-9d0e-4dd4-8a34-cb55d8738627",
    "data": [
      {
        "text": "not more",
        "alias": "Dia_yes_watery",
        "meta": "@Dia_yes_watery",
        "userDefined": false
      }
    ],
    "isTemplate": false,
    "count": 0
  },
  {
    "id": "c2307981-5341-4317-ac16-ef2cc97d1b10",
    "data": [
      {
        "text": "i think so",
        "alias": "Dia_yes_watery",
        "meta": "@Dia_yes_watery",
        "userDefined": false
      }
    ],
    "isTemplate": false,
    "count": 0
  },
  {
    "id": "138f1f7a-b9c3-49b2-a0af-d63a63cdad65",
    "data": [
      {
        "text": "yoo",
        "alias": "Dia_yes_watery",
        "meta": "@Dia_yes_watery",
        "userDefined": false
      }
    ],
    "isTemplate": false,
    "count": 0
  },
  {
    "id": "267d4df9-d3a5-4c33-a47e-7d7bf95e49bb",
    "data": [
      {
        "text": "yeah",
        "alias": "Dia_yes_watery",
        "meta": "@Dia_yes_watery",
        "userDefined": false
      }
    ],
    "isTemplate": false,
    "count": 0
  },
  {
    "id": "f7dd811f-a2e3-4184-bd84-a1f6bed9ef6e",
    "data": [
      {
        "text": "yes",
        "alias": "Dia_yes_watery",
        "meta": "@Dia_yes_watery",
        "userDefined": false
      }
    ],
    "isTemplate": false,
    "count": 0
  }
]