[
  {
    "id": "69e438ca-7cbd-41ef-bf45-4656a2acee5b",
    "data": [
      {
        "text": "i am having pain ",
        "userDefined": false
      },
      {
        "text": "inside abdomin",
        "alias": "dia_stomach",
        "meta": "@dia_stomach",
        "userDefined": false
      }
    ],
    "isTemplate": false,
    "count": 1
  },
  {
    "id": "cc384dd9-bfeb-4142-9613-0d938e963a34",
    "data": [
      {
        "text": "i am having ",
        "userDefined": false
      },
      {
        "text": "pain in abdomin",
        "alias": "dia_stomach",
        "meta": "@dia_stomach",
        "userDefined": true
      }
    ],
    "isTemplate": false,
    "count": 0
  },
  {
    "id": "7b0410fc-ee22-4c69-b8fa-836f9d312207",
    "data": [
      {
        "text": "i am having ",
        "userDefined": false
      },
      {
        "text": "abdominal pain",
        "alias": "dia_stomach",
        "meta": "@dia_stomach",
        "userDefined": false
      }
    ],
    "isTemplate": false,
    "count": 0
  },
  {
    "id": "262a120e-fb3e-446d-89ce-4ecfec8e19c2",
    "data": [
      {
        "text": "i am having ",
        "userDefined": false
      },
      {
        "text": "pain in stomach",
        "alias": "dia_stomach",
        "meta": "@dia_stomach",
        "userDefined": false
      }
    ],
    "isTemplate": false,
    "count": 0
  },
  {
    "id": "4481e88d-cfc0-4c39-8e22-8a12ed18f7b1",
    "data": [
      {
        "text": "iam suffering from ",
        "userDefined": false
      },
      {
        "text": "stomach ache",
        "alias": "dia_stomach",
        "meta": "@dia_stomach",
        "userDefined": false
      }
    ],
    "isTemplate": false,
    "count": 0
  },
  {
    "id": "f995c375-e956-4e1f-9f1f-6318c21a0d2f",
    "data": [
      {
        "text": "iam having ",
        "userDefined": false
      },
      {
        "text": "stomach ache",
        "alias": "dia_stomach",
        "meta": "@dia_stomach",
        "userDefined": false
      }
    ],
    "isTemplate": false,
    "count": 0
  },
  {
    "id": "bd81f343-0203-483f-bfd0-c809c9fb8125",
    "data": [
      {
        "text": "i am having ",
        "userDefined": false
      },
      {
        "text": "stomach pain",
        "alias": "dia_stomach",
        "meta": "@dia_stomach",
        "userDefined": false
      }
    ],
    "isTemplate": false,
    "count": 0
  },
  {
    "id": "5fb7f1ca-4540-44b3-8a31-a39e3ad73826",
    "data": [
      {
        "text": "i am suffering from ",
        "userDefined": false
      },
      {
        "text": "stomach pain",
        "alias": "dia_stomach",
        "meta": "@dia_stomach",
        "userDefined": false
      }
    ],
    "isTemplate": false,
    "count": 0
  }
]