[
  {
    "id": "e3b06297-ecb2-4de1-9e0c-ce48dac7d2a2",
    "data": [
      {
        "text": "Is there any doctor available?",
        "userDefined": false
      }
    ],
    "isTemplate": false,
    "count": 0,
    "updated": 1513502240
  },
  {
    "id": "d0450235-9572-4b78-8f20-1761bcc4010c",
    "data": [
      {
        "text": "I want to see a doctor",
        "userDefined": false
      }
    ],
    "isTemplate": false,
    "count": 0,
    "updated": 1513502240
  },
  {
    "id": "a8cb080f-7966-4a18-9909-6e5e24a7b735",
    "data": [
      {
        "text": "I want a doctor",
        "userDefined": false
      }
    ],
    "isTemplate": false,
    "count": 0,
    "updated": 1513502240
  }
]