[
  {
    "id": "7a9b5856-b21b-497e-9356-6e68c3f393ef",
    "data": [
      {
        "text": "yes",
        "alias": "yesfever",
        "meta": "@yesfever",
        "userDefined": false
      },
      {
        "text": " ",
        "userDefined": false
      },
      {
        "text": "i have fever",
        "alias": "yesfever",
        "meta": "@yesfever",
        "userDefined": false
      }
    ],
    "isTemplate": false,
    "count": 0
  },
  {
    "id": "7f8610be-de79-4d97-b15e-936abf942375",
    "data": [
      {
        "text": "yup",
        "alias": "yesfever",
        "meta": "@yesfever",
        "userDefined": false
      }
    ],
    "isTemplate": false,
    "count": 0
  },
  {
    "id": "f2c83eca-8bcb-41bd-a85e-9dadc9f61aab",
    "data": [
      {
        "text": "yes",
        "alias": "yesfever",
        "meta": "@yesfever",
        "userDefined": false
      }
    ],
    "isTemplate": false,
    "count": 0
  }
]