[
  {
    "id": "e0dfe8be-52ae-4fd1-b585-6a0e7791ff26",
    "data": [
      {
        "text": "maybe",
        "alias": "yesfever",
        "meta": "@yesfever",
        "userDefined": false
      }
    ],
    "isTemplate": false,
    "count": 0
  },
  {
    "id": "9c78852f-416a-46f8-8524-78900bea79d2",
    "data": [
      {
        "text": "yup",
        "alias": "yesfever",
        "meta": "@yesfever",
        "userDefined": false
      }
    ],
    "isTemplate": false,
    "count": 0
  },
  {
    "id": "91686c1a-76b1-42c7-abca-d087eec523be",
    "data": [
      {
        "text": "i think so",
        "alias": "yesfever",
        "meta": "@yesfever",
        "userDefined": false
      }
    ],
    "isTemplate": false,
    "count": 0
  },
  {
    "id": "f9aa52cb-cfd7-4044-93ee-83b0e1d225b0",
    "data": [
      {
        "text": "yes",
        "alias": "yesfever",
        "meta": "@yesfever",
        "userDefined": false
      },
      {
        "text": " ",
        "userDefined": false
      },
      {
        "text": "i have fever",
        "alias": "yesfever",
        "meta": "@yesfever",
        "userDefined": false
      }
    ],
    "isTemplate": false,
    "count": 0
  },
  {
    "id": "85c9f06e-dc39-4405-98c3-000046911793",
    "data": [
      {
        "text": "yes",
        "alias": "yesfever",
        "meta": "@yesfever",
        "userDefined": false
      }
    ],
    "isTemplate": false,
    "count": 0
  }
]