[
  {
    "id": "ab56b03a-3125-402f-b0bc-b74f8f305e73",
    "data": [
      {
        "text": "whole",
        "alias": "headpart2",
        "meta": "@headpart2",
        "userDefined": false
      }
    ],
    "isTemplate": false,
    "count": 0
  },
  {
    "id": "e45588f3-5be6-4071-a14a-823bac25993e",
    "data": [
      {
        "text": "whole head",
        "alias": "headpart2",
        "meta": "@headpart2",
        "userDefined": false
      }
    ],
    "isTemplate": false,
    "count": 0
  },
  {
    "id": "b044858f-de88-4cef-8ed2-2e3cad4f8a08",
    "data": [
      {
        "text": "at the ",
        "userDefined": false
      },
      {
        "text": "back",
        "alias": "headpart2",
        "meta": "@headpart2",
        "userDefined": false
      }
    ],
    "isTemplate": false,
    "count": 0
  },
  {
    "id": "d5b3b48a-e526-479d-ba42-9f9dcc8e2d06",
    "data": [
      {
        "text": "front",
        "alias": "headpart2",
        "meta": "@headpart2",
        "userDefined": false
      },
      {
        "text": " part",
        "userDefined": false
      }
    ],
    "isTemplate": false,
    "count": 0,
    "updated": 1513486233
  }
]