[
  {
    "id": "7946f71f-76d1-471e-afc8-c98999821cb6",
    "data": [
      {
        "text": "forehead",
        "alias": "headpart",
        "meta": "@headpart",
        "userDefined": false
      }
    ],
    "isTemplate": false,
    "count": 0
  },
  {
    "id": "e562a1cc-d002-4437-92e9-93779bbd7d7d",
    "data": [
      {
        "text": "whole head",
        "alias": "headpart",
        "meta": "@headpart",
        "userDefined": false
      }
    ],
    "isTemplate": false,
    "count": 0
  },
  {
    "id": "ef403c9b-1fd0-443e-8a6b-6ddb28bc050a",
    "data": [
      {
        "text": "at the ",
        "userDefined": false
      },
      {
        "text": "back",
        "alias": "headpart",
        "meta": "@headpart",
        "userDefined": false
      },
      {
        "text": " of my head",
        "userDefined": false
      }
    ],
    "isTemplate": false,
    "count": 0
  },
  {
    "id": "e7973132-236f-4288-8d91-5af73ab87003",
    "data": [
      {
        "text": "on  the ",
        "userDefined": false
      },
      {
        "text": "front",
        "alias": "headpart",
        "meta": "@headpart",
        "userDefined": false
      },
      {
        "text": " part",
        "userDefined": false
      }
    ],
    "isTemplate": false,
    "count": 0
  }
]