[
  {
    "id": "6bdb908d-f6ad-4e6a-bf82-bf364d908cf7",
    "data": [
      {
        "text": "I have ",
        "userDefined": false
      },
      {
        "text": "pain in my head",
        "alias": "Headache",
        "meta": "@Headache",
        "userDefined": false
      },
      {
        "text": " ",
        "userDefined": false
      },
      {
        "text": "and",
        "alias": "multiple",
        "meta": "@multiple",
        "userDefined": false
      },
      {
        "text": " ",
        "userDefined": false
      },
      {
        "text": "running nose",
        "alias": "Nosetypes",
        "meta": "@Nosetypes",
        "userDefined": false
      }
    ],
    "isTemplate": false,
    "count": 1
  },
  {
    "id": "de12aafe-8e04-4d9f-89ba-ee4fe4896623",
    "data": [
      {
        "text": "I have ",
        "userDefined": false
      },
      {
        "text": "running nose",
        "alias": "Nosetypes",
        "meta": "@Nosetypes",
        "userDefined": false
      },
      {
        "text": " ",
        "userDefined": false
      },
      {
        "text": "and",
        "alias": "multiple",
        "meta": "@multiple",
        "userDefined": false
      },
      {
        "text": " ",
        "userDefined": false
      },
      {
        "text": "headache",
        "alias": "Headache",
        "meta": "@Headache",
        "userDefined": false
      }
    ],
    "isTemplate": false,
    "count": 0
  },
  {
    "id": "2d59d78b-0709-46f0-959b-6c3eecaf0f8b",
    "data": [
      {
        "text": "I am having ",
        "userDefined": false
      },
      {
        "text": "running nose",
        "alias": "Nosetypes",
        "meta": "@Nosetypes",
        "userDefined": false
      },
      {
        "text": " ",
        "userDefined": false
      },
      {
        "text": "and",
        "alias": "multiple",
        "meta": "@multiple",
        "userDefined": false
      },
      {
        "text": " ",
        "userDefined": false
      },
      {
        "text": "headache",
        "alias": "Headache",
        "meta": "@Headache",
        "userDefined": false
      }
    ],
    "isTemplate": false,
    "count": 0
  },
  {
    "id": "b22dbf0e-2acd-4ed1-83cf-e063531d7073",
    "data": [
      {
        "text": "I have ",
        "userDefined": false
      },
      {
        "text": "headache",
        "alias": "Headache",
        "meta": "@Headache",
        "userDefined": false
      },
      {
        "text": " in ",
        "userDefined": false
      },
      {
        "text": "whole head",
        "alias": "headpart",
        "meta": "@headpart",
        "userDefined": false
      }
    ],
    "isTemplate": false,
    "count": 1
  },
  {
    "id": "5d295999-08f1-4b1b-9c0e-9a48c6642bf4",
    "data": [
      {
        "text": "I have ",
        "userDefined": false
      },
      {
        "text": "headache",
        "alias": "Headache",
        "meta": "@Headache",
        "userDefined": false
      },
      {
        "text": " at the ",
        "userDefined": false
      },
      {
        "text": "back",
        "alias": "headpart",
        "meta": "@headpart",
        "userDefined": false
      },
      {
        "text": " of my head",
        "userDefined": false
      }
    ],
    "isTemplate": false,
    "count": 0
  },
  {
    "id": "5624fb42-4d0e-44ab-9e5d-3618efcfd8cc",
    "data": [
      {
        "text": "i have ",
        "userDefined": false
      },
      {
        "text": "headache",
        "alias": "Headache",
        "meta": "@Headache",
        "userDefined": false
      },
      {
        "text": " in my ",
        "userDefined": false
      },
      {
        "text": "front",
        "alias": "headpart",
        "meta": "@headpart",
        "userDefined": false
      },
      {
        "text": " part",
        "userDefined": false
      }
    ],
    "isTemplate": false,
    "count": 0,
    "updated": 1513488090
  }
]