[
  {
    "id": "c9ee8175-3544-489e-b162-1ac7977c23e5",
    "data": [
      {
        "text": "yeah",
        "alias": "Malaria_sweat",
        "meta": "@Malaria_sweat",
        "userDefined": false
      },
      {
        "text": " ",
        "userDefined": false
      },
      {
        "text": "sweaty",
        "alias": "Malaria_sweat1",
        "meta": "@Malaria_sweat",
        "userDefined": true
      }
    ],
    "isTemplate": false,
    "count": 0
  },
  {
    "id": "36d7f8b5-ac20-4479-9638-4b6caee6b3f6",
    "data": [
      {
        "text": "very sweaty",
        "alias": "Malaria_sweat",
        "meta": "@Malaria_sweat",
        "userDefined": false
      }
    ],
    "isTemplate": false,
    "count": 0
  },
  {
    "id": "3342324a-610f-4a50-93dd-64dae283ed15",
    "data": [
      {
        "text": "too sweaty",
        "alias": "Malaria_sweat",
        "meta": "@Malaria_sweat",
        "userDefined": false
      }
    ],
    "isTemplate": false,
    "count": 0
  },
  {
    "id": "b87b1bde-30e2-4049-8d4a-33ac33fb4d37",
    "data": [
      {
        "text": "Yes",
        "alias": "Malaria_sweat",
        "meta": "@Malaria_sweat",
        "userDefined": false
      },
      {
        "text": " ",
        "userDefined": false
      },
      {
        "text": "too much",
        "alias": "Malaria_sweat",
        "meta": "@Malaria_sweat",
        "userDefined": false
      },
      {
        "text": " sweat",
        "userDefined": false
      }
    ],
    "isTemplate": false,
    "count": 0
  }
]