[
  {
    "id": "3cdfaf84-1e4f-42de-977b-13422c3c177c",
    "data": [
      {
        "text": "I ",
        "userDefined": false
      },
      {
        "text": "feel",
        "alias": "malaria_11",
        "meta": "@malaria_1",
        "userDefined": false
      },
      {
        "text": " ",
        "userDefined": false
      },
      {
        "text": "so weak",
        "meta": "@sys.ignore",
        "userDefined": false
      },
      {
        "text": " ",
        "userDefined": false
      },
      {
        "text": "today",
        "alias": "date",
        "meta": "@sys.date",
        "userDefined": false
      }
    ],
    "isTemplate": false,
    "count": 0
  },
  {
    "id": "baa3b8ab-5553-4cf2-b020-f15a356525c6",
    "data": [
      {
        "text": "I am ",
        "userDefined": false
      },
      {
        "text": "weak",
        "alias": "malaria_11",
        "meta": "@malaria_1",
        "userDefined": true
      }
    ],
    "isTemplate": false,
    "count": 0
  },
  {
    "id": "83381f20-f43a-4ffc-aa0e-035115852eb1",
    "data": [
      {
        "text": "I am ",
        "userDefined": false
      },
      {
        "text": "chilled",
        "alias": "malaria_11",
        "meta": "@malaria_1",
        "userDefined": true
      }
    ],
    "isTemplate": false,
    "count": 0
  },
  {
    "id": "87d6dd4e-d4d6-4ee0-b019-6c91bc6e1aed",
    "data": [
      {
        "text": "I am so ",
        "userDefined": false
      },
      {
        "text": "weak",
        "alias": "malaria_11",
        "meta": "@malaria_1",
        "userDefined": true
      },
      {
        "text": " ",
        "userDefined": false
      },
      {
        "text": "today",
        "meta": "@sys.ignore",
        "userDefined": false
      }
    ],
    "isTemplate": false,
    "count": 0
  },
  {
    "id": "453c4ce2-bc17-433b-94f4-4ac85d9dd558",
    "data": [
      {
        "text": "I have ",
        "userDefined": false
      },
      {
        "text": "weakness",
        "alias": "malaria_11",
        "meta": "@malaria_1",
        "userDefined": true
      }
    ],
    "isTemplate": false,
    "count": 0,
    "updated": 1513491837
  },
  {
    "id": "480351ad-3a2e-4264-b5ec-979b1561e983",
    "data": [
      {
        "text": "I ",
        "userDefined": false
      },
      {
        "text": "feel",
        "alias": "malaria_11",
        "meta": "@malaria_1",
        "userDefined": true
      },
      {
        "text": " ",
        "userDefined": false
      },
      {
        "text": "weak",
        "alias": "malaria_11",
        "meta": "@malaria_1",
        "userDefined": true
      }
    ],
    "isTemplate": false,
    "count": 0,
    "updated": 1513491837
  },
  {
    "id": "7407c548-3ae9-43e2-9d42-ff2a04b6a193",
    "data": [
      {
        "text": "I am ",
        "userDefined": false
      },
      {
        "text": "having",
        "meta": "@sys.ignore",
        "userDefined": true
      },
      {
        "text": " ",
        "userDefined": false
      },
      {
        "text": "shaking",
        "alias": "malaria_11",
        "meta": "@malaria_1",
        "userDefined": true
      },
      {
        "text": " ",
        "userDefined": false
      },
      {
        "text": "chills",
        "alias": "malaria_11",
        "meta": "@malaria_1",
        "userDefined": true
      }
    ],
    "isTemplate": false,
    "count": 0,
    "updated": 1513491837
  }
]