[
  {
    "id": "53031c64-c9e0-4ac1-99c5-5437579cad7f",
    "data": [
      {
        "text": "yes very high fever",
        "alias": "Malaria_fever",
        "meta": "@Malaria_fever",
        "userDefined": false
      }
    ],
    "isTemplate": false,
    "count": 0
  },
  {
    "id": "6e894c19-404b-4af3-b146-f8b7719f89de",
    "data": [
      {
        "text": "yup",
        "alias": "Malaria_fever",
        "meta": "@Malaria_fever",
        "userDefined": false
      },
      {
        "text": " ",
        "userDefined": false
      },
      {
        "text": "very high",
        "alias": "Malaria_fever",
        "meta": "@Malaria_fever",
        "userDefined": false
      },
      {
        "text": " fever",
        "userDefined": false
      }
    ],
    "isTemplate": false,
    "count": 0
  },
  {
    "id": "d3c0a90a-63d0-4785-8e7d-aaa5ba7e1dfc",
    "data": [
      {
        "text": "yeah high fever",
        "alias": "Malaria_fever",
        "meta": "@Malaria_fever",
        "userDefined": false
      }
    ],
    "isTemplate": false,
    "count": 0
  },
  {
    "id": "508db251-0128-49e9-a687-c6ee7571be88",
    "data": [
      {
        "text": "too high",
        "alias": "Malaria_fever",
        "meta": "@Malaria_fever",
        "userDefined": false
      },
      {
        "text": " fever",
        "userDefined": false
      }
    ],
    "isTemplate": false,
    "count": 0
  },
  {
    "id": "996d6145-b06b-4962-a5aa-2d9402df3735",
    "data": [
      {
        "text": "very high",
        "alias": "Malaria_fever",
        "meta": "@Malaria_fever",
        "userDefined": false
      },
      {
        "text": " fever",
        "userDefined": false
      }
    ],
    "isTemplate": false,
    "count": 0
  },
  {
    "id": "fae5b20c-5011-4d2e-98ba-70ede379447d",
    "data": [
      {
        "text": "high fever",
        "alias": "Malaria_fever",
        "meta": "@Malaria_fever",
        "userDefined": false
      }
    ],
    "isTemplate": false,
    "count": 0
  },
  {
    "id": "b9e2d222-8818-4e10-91d1-ccdfc6eb39d5",
    "data": [
      {
        "text": "yup high fever",
        "alias": "Malaria_fever",
        "meta": "@Malaria_fever",
        "userDefined": false
      }
    ],
    "isTemplate": false,
    "count": 0
  },
  {
    "id": "700576e7-8c0b-4547-9c80-3efcaf337f08",
    "data": [
      {
        "text": "yes high fever",
        "alias": "Malaria_fever",
        "meta": "@Malaria_fever",
        "userDefined": false
      }
    ],
    "isTemplate": false,
    "count": 0
  }
]