[
  {
    "id": "79a65d99-2b54-4cc5-a936-df4d1374a00c",
    "data": [
      {
        "text": "My name is ",
        "userDefined": false
      },
      {
        "text": "chayan",
        "alias": "Name",
        "meta": "@Name",
        "userDefined": false
      }
    ],
    "isTemplate": false,
    "count": 0,
    "updated": 1513496873
  },
  {
    "id": "d978de46-2599-4777-b9c8-cd96bc2b8426",
    "data": [
      {
        "text": "My name is ",
        "userDefined": false
      },
      {
        "text": "Ramji",
        "alias": "Name",
        "meta": "@Name",
        "userDefined": false
      }
    ],
    "isTemplate": false,
    "count": 0,
    "updated": 1513496873
  },
  {
    "id": "3172d674-cc92-4d7d-ad8d-bf479288067e",
    "data": [
      {
        "text": "i am ",
        "userDefined": false
      },
      {
        "text": "puneet",
        "alias": "Name",
        "meta": "@Name",
        "userDefined": false
      }
    ],
    "isTemplate": false,
    "count": 0,
    "updated": 1513496873
  },
  {
    "id": "1a4a3f2f-e6e5-4936-8523-4b87ce32583c",
    "data": [
      {
        "text": "i am ",
        "userDefined": false
      },
      {
        "text": "chayan",
        "alias": "Name",
        "meta": "@Name",
        "userDefined": false
      }
    ],
    "isTemplate": false,
    "count": 0,
    "updated": 1513496873
  },
  {
    "id": "13530050-6625-4d00-be32-df91e2d5815f",
    "data": [
      {
        "text": "i am ",
        "userDefined": false
      },
      {
        "text": "ramji",
        "alias": "Name",
        "meta": "@Name",
        "userDefined": false
      }
    ],
    "isTemplate": false,
    "count": 0,
    "updated": 1513496873
  }
]