[
  {
    "id": "c90cde6f-2bbc-4aba-8e9c-9cab815c3340",
    "data": [
      {
        "text": "Hi",
        "alias": "welcome",
        "meta": "@welcome",
        "userDefined": false
      }
    ],
    "isTemplate": false,
    "count": 4,
    "updated": 1513496731
  },
  {
    "id": "d0bb2d9b-0e12-48e1-80fa-716072d88a97",
    "data": [
      {
        "text": "good ",
        "userDefined": false
      },
      {
        "text": "Afternoon",
        "alias": "welcome",
        "meta": "@welcome",
        "userDefined": true
      }
    ],
    "isTemplate": false,
    "count": 0,
    "updated": 1513496731
  },
  {
    "id": "aabfc278-54d9-49cf-9488-0ca18a0632c5",
    "data": [
      {
        "text": "good ",
        "userDefined": false
      },
      {
        "text": "morning",
        "alias": "welcome",
        "meta": "@welcome",
        "userDefined": true
      }
    ],
    "isTemplate": false,
    "count": 0,
    "updated": 1513496731
  },
  {
    "id": "56124908-cda2-4efd-9102-b7ca08fb5e5b",
    "data": [
      {
        "text": "hello",
        "alias": "welcome",
        "meta": "@welcome",
        "userDefined": false
      }
    ],
    "isTemplate": false,
    "count": 0,
    "updated": 1513496731
  },
  {
    "id": "f537f875-8b42-4da5-a0ec-cc622000e3d0",
    "data": [
      {
        "text": "hey",
        "alias": "welcome",
        "meta": "@welcome",
        "userDefined": false
      },
      {
        "text": " bot",
        "userDefined": false
      }
    ],
    "isTemplate": false,
    "count": 0,
    "updated": 1513496731
  },
  {
    "id": "8ec13199-42d5-43af-bfd3-124c7ff70933",
    "data": [
      {
        "text": "check",
        "alias": "welcome",
        "meta": "@welcome",
        "userDefined": false
      }
    ],
    "isTemplate": false,
    "count": 0,
    "updated": 1513496731
  },
  {
    "id": "c2604952-32dc-4909-a5aa-08009ccab0c7",
    "data": [
      {
        "text": "knok knok",
        "alias": "welcome",
        "meta": "@welcome",
        "userDefined": false
      }
    ],
    "isTemplate": false,
    "count": 0,
    "updated": 1513496731
  },
  {
    "id": "321c226d-941e-4b73-8a7f-db90f369febb",
    "data": [
      {
        "text": "Hey",
        "alias": "welcome",
        "meta": "@welcome",
        "userDefined": false
      },
      {
        "text": " dude",
        "userDefined": false
      }
    ],
    "isTemplate": false,
    "count": 0,
    "updated": 1513496731
  },
  {
    "id": "0524396a-e8f9-44c6-a398-83d7e6e95b3d",
    "data": [
      {
        "text": "hey",
        "alias": "welcome",
        "meta": "@welcome",
        "userDefined": false
      }
    ],
    "isTemplate": false,
    "count": 0,
    "updated": 1513496731
  },
  {
    "id": "921d216a-11bd-42bc-b6ef-f8e1e153bda4",
    "data": [
      {
        "text": "Whatsupp",
        "alias": "welcome",
        "meta": "@welcome",
        "userDefined": false
      }
    ],
    "isTemplate": false,
    "count": 2,
    "updated": 1513496731
  }
]