[
  {
    "id": "9683e11b-375b-460c-9a83-75cd2c26eda9",
    "data": [
      {
        "text": "iam fine",
        "alias": "no",
        "meta": "@no",
        "userDefined": false
      }
    ],
    "isTemplate": false,
    "count": 0,
    "updated": 1513490451
  },
  {
    "id": "160351e9-d9c6-46ec-bb6b-d2f1ddc1ae5d",
    "data": [
      {
        "text": "no",
        "alias": "no",
        "meta": "@no",
        "userDefined": false
      }
    ],
    "isTemplate": false,
    "count": 0,
    "updated": 1513490451
  }
]