[
  {
    "id": "1f807be2-431c-44a4-99a9-285edd3d0bcc",
    "data": [
      {
        "text": "i am not ",
        "userDefined": false
      },
      {
        "text": "feeling",
        "alias": "malaria_1",
        "meta": "@malaria_1",
        "userDefined": false
      },
      {
        "text": " well",
        "userDefined": false
      }
    ],
    "isTemplate": false,
    "count": 0,
    "updated": 1513499930
  },
  {
    "id": "33cd7468-e0dd-4b4c-91a2-a2d1b4b4e1d2",
    "data": [
      {
        "text": "i am ",
        "userDefined": false
      },
      {
        "text": "feeling",
        "meta": "@sys.ignore",
        "userDefined": false
      },
      {
        "text": " ",
        "userDefined": false
      },
      {
        "text": "sick",
        "meta": "@_prob",
        "userDefined": true
      }
    ],
    "isTemplate": false,
    "count": 0,
    "updated": 1513499930
  }
]