[
  {
    "id": "de3de007-0f32-4641-90b7-75ef4484ca3b",
    "data": [
      {
        "text": "yes i am having",
        "alias": "nose",
        "meta": "@nose",
        "userDefined": false
      }
    ],
    "isTemplate": false,
    "count": 0
  },
  {
    "id": "5f79c69d-c6dd-450f-82bf-f760e7b8d561",
    "data": [
      {
        "text": "I think so",
        "alias": "nose",
        "meta": "@nose",
        "userDefined": false
      }
    ],
    "isTemplate": false,
    "count": 0
  },
  {
    "id": "519102c6-36b0-4dc3-ba09-370fb08894ed",
    "data": [
      {
        "text": "Maybe",
        "alias": "nose",
        "meta": "@nose",
        "userDefined": false
      }
    ],
    "isTemplate": false,
    "count": 0
  },
  {
    "id": "bc340a11-fc32-42f2-9529-a2188d02b617",
    "data": [
      {
        "text": "Yes I am suffering",
        "alias": "nose",
        "meta": "@nose",
        "userDefined": false
      }
    ],
    "isTemplate": false,
    "count": 0
  },
  {
    "id": "348fe1b6-3625-4d64-8ed9-4db4f5f8a28d",
    "data": [
      {
        "text": "yes",
        "alias": "nose",
        "meta": "@nose",
        "userDefined": false
      }
    ],
    "isTemplate": false,
    "count": 0
  }
]