[
  {
    "id": "f52595b0-9ab3-4fd4-b002-323a638c08ea",
    "data": [
      {
        "text": "yes i have headache",
        "alias": "yeshead",
        "meta": "@yeshead",
        "userDefined": false
      }
    ],
    "isTemplate": false,
    "count": 0
  },
  {
    "id": "66e2e932-bf98-4032-8259-ca9e927f697d",
    "data": [
      {
        "text": "a lot",
        "alias": "yeshead",
        "meta": "@yeshead",
        "userDefined": false
      }
    ],
    "isTemplate": false,
    "count": 0
  },
  {
    "id": "1518ad65-5225-4397-87ea-7213953b0470",
    "data": [
      {
        "text": "too much",
        "alias": "yeshead",
        "meta": "@yeshead",
        "userDefined": false
      }
    ],
    "isTemplate": false,
    "count": 0
  },
  {
    "id": "7671a714-a22e-4e31-80db-1dfc74da6a7c",
    "data": [
      {
        "text": "maybe",
        "alias": "yeshead",
        "meta": "@yeshead",
        "userDefined": false
      }
    ],
    "isTemplate": false,
    "count": 0
  },
  {
    "id": "2be840d3-b3b5-406b-a2b1-42c7419794d0",
    "data": [
      {
        "text": "I think so",
        "alias": "yeshead",
        "meta": "@yeshead",
        "userDefined": false
      }
    ],
    "isTemplate": false,
    "count": 0
  },
  {
    "id": "c1b29477-b88c-44b5-888d-417d77a2a362",
    "data": [
      {
        "text": "Yes",
        "alias": "yeshead",
        "meta": "@yeshead",
        "userDefined": false
      }
    ],
    "isTemplate": false,
    "count": 0
  }
]