[
  {
    "value": "yes",
    "synonyms": [
      "yes"
    ]
  },
  {
    "value": "yeah",
    "synonyms": [
      "yeah"
    ]
  },
  {
    "value": "some what",
    "synonyms": [
      "some what"
    ]
  },
  {
    "value": "not much",
    "synonyms": [
      "not much"
    ]
  },
  {
    "value": "heavy",
    "synonyms": [
      "heavy"
    ]
  },
  {
    "value": "often",
    "synonyms": [
      "often"
    ]
  },
  {
    "value": "maybe",
    "synonyms": [
      "maybe"
    ]
  },
  {
    "value": "having",
    "synonyms": [
      "having"
    ]
  }
]