[
  {
    "value": "yes i did",
    "synonyms": [
      "yes i did"
    ]
  },
  {
    "value": "yes",
    "synonyms": [
      "yes"
    ]
  },
  {
    "value": "yeah",
    "synonyms": [
      "yeah"
    ]
  },
  {
    "value": "no",
    "synonyms": [
      "no"
    ]
  },
  {
    "value": "mm",
    "synonyms": [
      "mm"
    ]
  },
  {
    "value": "i dont think so",
    "synonyms": [
      "i dont think so"
    ]
  },
  {
    "value": "maybe",
    "synonyms": [
      "maybe"
    ]
  },
  {
    "value": "often",
    "synonyms": [
      "often"
    ]
  }
]