[
  {
    "value": "stomach ache",
    "synonyms": [
      "stomach ache"
    ]
  },
  {
    "value": "stomach pain",
    "synonyms": [
      "stomach pain"
    ]
  },
  {
    "value": "pain in stomach",
    "synonyms": [
      "pain in stomach"
    ]
  },
  {
    "value": "pain in abdomin",
    "synonyms": [
      "pain in abdomen"
    ]
  },
  {
    "value": "abdominal pain",
    "synonyms": [
      "abdominal pain"
    ]
  },
  {
    "value": "inside abdomin",
    "synonyms": [
      "inside abdomin"
    ]
  }
]