[
  {
    "value": "Headache",
    "synonyms": [
      "Headache"
    ]
  },
  {
    "value": "pain in my head",
    "synonyms": [
      "pain in head",
      "pain in my head"
    ]
  },
  {
    "value": "head ache",
    "synonyms": [
      "head ache"
    ]
  },
  {
    "value": "head hurts",
    "synonyms": [
      "head hurts"
    ]
  },
  {
    "value": "headache",
    "synonyms": [
      "headache"
    ]
  },
  {
    "value": "slight pain in head",
    "synonyms": [
      "slight pain in head",
      "front head"
    ]
  },
  {
    "value": "headache!!!",
    "synonyms": [
      "headache!!!",
      "headache!!!!",
      "headache!!!!!",
      "Headache!!!",
      "Headache!!!!",
      "Headache!!!!!",
      "HEADACHE!!!",
      "HEADACHE!",
      "headache!",
      "headache!!",
      "Headache!",
      "Headache!!"
    ]
  }
]