[
  {
    "value": "yes",
    "synonyms": [
      "yes",
      "Yes",
      "Yes, i have high fever",
      "yes, i have high fever",
      "yup",
      "yes high",
      "yes high fever"
    ]
  },
  {
    "value": "high fever",
    "synonyms": [
      "high fever",
      "too high",
      "very high",
      "very much",
      "yup high fever",
      "yeaaaa",
      "yess",
      "yeaaa",
      "you got it right",
      "correct!",
      "Correct"
    ]
  },
  {
    "value": "yes high",
    "synonyms": [
      "yes high"
    ]
  },
  {
    "value": "too high",
    "synonyms": [
      "too high",
      "too high fever",
      "i am too hot"
    ]
  },
  {
    "value": "yes high fever",
    "synonyms": [
      "yes high fever"
    ]
  },
  {
    "value": "yup",
    "synonyms": [
      "yup",
      "yup high fever",
      "yup ver high fever",
      "yes very high fever",
      "yeah high fever"
    ]
  }
]