[
  {
    "value": "yes",
    "synonyms": [
      "yes",
      "Yes",
      "YES"
    ]
  },
  {
    "value": "maybe",
    "synonyms": [
      "maybe",
      "Maybe"
    ]
  },
  {
    "value": "i think so",
    "synonyms": [
      "i think so",
      "I think so",
      "I Think so",
      "I Think So"
    ]
  },
  {
    "value": "Yes I am having",
    "synonyms": [
      "Yes I am having",
      "yes I am having",
      "yes i am having"
    ]
  },
  {
    "value": "yes i am suffering",
    "synonyms": [
      "yes i am suffering",
      "Yes I am suffering"
    ]
  }
]