[
  {
    "value": "no",
    "synonyms": [
      "yes"
    ]
  },
  {
    "value": "not well",
    "synonyms": [
      "yes i have"
    ]
  },
  {
    "value": "iam not feeling good",
    "synonyms": [
      "yeah"
    ]
  },
  {
    "value": "not feeling good",
    "synonyms": [
      "not feeling good"
    ]
  },
  {
    "value": "not",
    "synonyms": [
      "not"
    ]
  },
  {
    "value": "negative",
    "synonyms": [
      "negative"
    ]
  },
  {
    "value": "not at all",
    "synonyms": [
      "not at all"
    ]
  },
  {
    "value": "feeling sick",
    "synonyms": [
      "feeling sick"
    ]
  }
]