[
  {
    "value": "hi",
    "synonyms": [
      "hi"
    ]
  },
  {
    "value": "Hi",
    "synonyms": [
      "Hi"
    ]
  },
  {
    "value": "Hello",
    "synonyms": [
      "Hello"
    ]
  },
  {
    "value": "hello",
    "synonyms": [
      "hello"
    ]
  },
  {
    "value": "whatsupp",
    "synonyms": [
      "whatsupp"
    ]
  },
  {
    "value": "hey",
    "synonyms": [
      "hey"
    ]
  },
  {
    "value": "Hey",
    "synonyms": [
      "Hey"
    ]
  },
  {
    "value": "Are you there",
    "synonyms": [
      "Are you there"
    ]
  },
  {
    "value": "knok knok",
    "synonyms": [
      "knok knok"
    ]
  },
  {
    "value": "check",
    "synonyms": [
      "check"
    ]
  },
  {
    "value": "morning",
    "synonyms": [
      "morning"
    ]
  },
  {
    "value": "Afternoon",
    "synonyms": [
      "Afternoon"
    ]
  }
]