[
  {
    "value": "no",
    "synonyms": [
      "no"
    ]
  },
  {
    "value": "not well",
    "synonyms": [
      "not well"
    ]
  },
  {
    "value": "iam not feeling good",
    "synonyms": [
      "iam not feeling good"
    ]
  },
  {
    "value": "not feeling good",
    "synonyms": [
      "not feeling good"
    ]
  },
  {
    "value": "not",
    "synonyms": [
      "not"
    ]
  },
  {
    "value": "negative",
    "synonyms": [
      "negative"
    ]
  },
  {
    "value": "not at all",
    "synonyms": [
      "not at all"
    ]
  }
]