[
  {
    "value": "yes",
    "synonyms": [
      "yes",
      "Yes",
      "YES"
    ]
  },
  {
    "value": "I have fever",
    "synonyms": [
      "I have fever",
      "i have fever"
    ]
  },
  {
    "value": "I feel cold",
    "synonyms": [
      "I feel cold",
      "i feel cold",
      "I Feel Cold"
    ]
  },
  {
    "value": "My body is hot",
    "synonyms": [
      "My body is hot",
      "my body is hot"
    ]
  },
  {
    "value": "Yup, I think so",
    "synonyms": [
      "Yup, I think so",
      "yup",
      "yup i think"
    ]
  }
]