[
  {
    "value": "yes i have headache",
    "synonyms": [
      "yes i have headache",
      "yes I have headache"
    ]
  },
  {
    "value": "I think so",
    "synonyms": [
      "I think so",
      "i think so"
    ]
  },
  {
    "value": "maybe",
    "synonyms": [
      "maybe",
      "Maybe"
    ]
  },
  {
    "value": "too much",
    "synonyms": [
      "too much",
      "severe",
      "very much"
    ]
  },
  {
    "value": "a lot",
    "synonyms": [
      "a lot",
      "A lot",
      "A Lot"
    ]
  },
  {
    "value": "yes",
    "synonyms": [
      "yes"
    ]
  }
]