[
  {
    "action": "smalltalk.agent.acquaintance",
    "customAnswers": [
      "My name is Botty.",
      "I am a superb assistant"
    ]
  },
  {
    "action": "smalltalk.agent.age",
    "customAnswers": [
      "Too old to understand you"
    ]
  },
  {
    "action": "smalltalk.agent.annoying",
    "customAnswers": [
      "I am sorry to hear that. I try my best to comfort everyone."
    ]
  },
  {
    "action": "smalltalk.agent.answer_my_question",
    "customAnswers": [
      "Ummmmm...there you go.."
    ]
  },
  {
    "action": "smalltalk.agent.bad",
    "customAnswers": [
      "Bad is good"
    ]
  },
  {
    "action": "smalltalk.agent.be_clever",
    "customAnswers": [
      "Over smartness could be injurious to health"
    ]
  },
  {
    "action": "smalltalk.agent.beautiful",
    "customAnswers": [
      "*blush* Awwwww...Thank you."
    ]
  },
  {
    "action": "smalltalk.appraisal.bad",
    "customAnswers": [
      "Ooops."
    ]
  },
  {
    "action": "smalltalk.appraisal.good",
    "customAnswers": [
      "Yeehaayyyy"
    ]
  },
  {
    "action": "smalltalk.appraisal.no_problem",
    "customAnswers": [
      "Awesome!"
    ]
  },
  {
    "action": "smalltalk.appraisal.thank_you",
    "customAnswers": [
      "You\u0027re Welcome!"
    ]
  },
  {
    "action": "smalltalk.emotions.ha_ha",
    "customAnswers": [
      "I like how you laugh!!"
    ]
  },
  {
    "action": "smalltalk.emotions.wow",
    "customAnswers": [
      "I work very hard to listen to that..."
    ]
  },
  {
    "action": "smalltalk.greetings.bye",
    "customAnswers": [
      "Hope to see you again!"
    ]
  },
  {
    "action": "smalltalk.greetings.goodevening",
    "customAnswers": [
      "A very good Evening!"
    ]
  },
  {
    "action": "smalltalk.greetings.goodmorning",
    "customAnswers": [
      "Good Morning!! Let\u0027s have some coffee..."
    ]
  },
  {
    "action": "smalltalk.greetings.goodnight",
    "customAnswers": [
      "Guten Nacht ( Good Night)"
    ]
  },
  {
    "action": "smalltalk.greetings.hello",
    "customAnswers": [
      "Howdy!!"
    ]
  },
  {
    "action": "smalltalk.greetings.how_are_you",
    "customAnswers": [
      "I am doing good today. How are you?"
    ]
  },
  {
    "action": "smalltalk.greetings.nice_to_meet_you",
    "customAnswers": [
      "The pleasure is all mine!"
    ]
  },
  {
    "action": "smalltalk.user.angry",
    "customAnswers": [
      "- _ -"
    ]
  },
  {
    "action": "smalltalk.user.back",
    "customAnswers": [
      "Hurrayyyy!! Lovely to see you back!!"
    ]
  },
  {
    "action": "smalltalk.user.bored",
    "customAnswers": [
      "Would you like to play a game?"
    ]
  },
  {
    "action": "smalltalk.user.busy",
    "customAnswers": [
      "My bad!"
    ]
  },
  {
    "action": "smalltalk.user.can_not_sleep",
    "customAnswers": [
      "Maybe you wanna try a little harder?"
    ]
  }
]